Date,Temperature (Â°C),Humidity (%),Pressure (hPa),Wind Speed (m/s),Precipitation (mm),Condition
2024-01-01,12.21,54.09,1010.66,1.05,3.02,Sunny
2024-01-02,11.99,45.33,1018.43,2.23,0.3,Sunny
2024-01-03,7.38,19.94,1002.87,3.28,0.68,Cloudy
2024-01-04,14.5,38.08,998.75,6.13,0.07,Sunny
2024-01-05,5.0,32.54,1006.98,1.66,1.03,Sunny
2024-01-06,20.91,28.84,993.4,5.69,0.31,Sunny
2024-01-07,14.04,37.34,998.21,8.37,0.66,Sunny
2024-01-08,7.09,23.99,1009.15,1.21,6.5,Rainy
2024-01-09,7.84,54.97,1004.61,8.7,1.46,Sunny
2024-01-10,7.5,32.61,1001.04,7.43,1.52,Cloudy
2024-01-11,11.65,40.39,1016.61,7.82,1.02,Sunny
2024-01-12,12.45,48.65,1010.01,3.49,1.07,Sunny
2024-01-13,9.62,52.19,1004.92,9.33,2.48,Sunny
2024-01-14,9.32,40.64,1018.13,8.98,1.16,Sunny
2024-01-15,5.83,28.76,1015.96,0.57,1.07,Sunny
2024-01-16,8.47,34.08,1004.98,9.46,0.59,Sunny
2024-01-17,19.78,42.2,993.81,3.21,0.06,Sunny
2024-01-18,9.99,63.67,1016.02,1.88,1.01,Cloudy
2024-01-19,17.22,43.36,1027.03,6.52,1.15,Sunny
2024-01-20,1.01,34.84,1007.97,6.94,0.03,Cloudy
2024-01-21,2.38,31.74,1003.81,9.4,0.22,Cloudy
2024-01-22,16.18,40.85,1000.69,8.26,1.22,Sunny
2024-01-23,2.33,46.51,1000.63,7.4,3.41,Sunny
2024-01-24,3.9,40.06,1015.32,2.04,3.43,Cloudy
2024-01-25,10.04,61.03,1001.09,7.27,0.41,Cloudy
2024-01-26,15.6,36.61,1017.13,6.75,1.26,Cloudy
2024-01-27,7.27,27.03,1012.23,8.97,1.5,Sunny
2024-01-28,11.73,53.21,1040.2,2.35,1.92,Sunny
2024-01-29,5.61,41.34,1017.73,9.65,2.88,Cloudy
2024-01-30,7.94,22.62,1021.56,2.11,1.22,Sunny
2024-01-31,11.64,31.93,1013.58,8.84,2.03,Sunny
2024-02-01,6.45,43.65,1003.62,8.19,2.49,Cloudy
2024-02-02,20.28,51.39,1022.54,8.96,0.62,Sunny
2024-02-03,11.71,35.2,1013.82,4.92,1.17,Cloudy
2024-02-04,10.21,40.73,1013.64,7.81,0.36,Cloudy
2024-02-05,3.15,42.39,1006.48,5.64,1.52,Cloudy
2024-02-06,0.25,37.64,1005.07,0.74,4.93,Sunny
2024-02-07,10.44,42.66,1009.65,1.99,0.43,Cloudy
2024-02-08,19.64,31.98,1034.22,4.49,0.43,Sunny
2024-02-09,17.7,35.14,1020.75,5.0,0.15,Cloudy
2024-02-10,-8.26,31.24,1029.32,6.53,0.07,Sunny
2024-02-11,5.73,31.46,1013.1,6.76,0.27,Cloudy
2024-02-12,9.79,38.77,1014.14,4.19,1.55,Cloudy
2024-02-13,17.58,19.72,1018.88,9.63,3.54,Sunny
2024-02-14,10.16,35.45,1007.11,1.62,1.79,Sunny
2024-02-15,16.05,47.14,1019.3,3.18,0.29,Sunny
2024-02-16,14.96,40.38,1025.78,3.74,4.01,Sunny
2024-02-17,6.61,55.11,1021.14,1.48,3.49,Cloudy
2024-02-18,16.57,45.27,1016.24,9.53,1.28,Sunny
2024-02-19,7.71,55.89,1000.86,6.89,2.09,Sunny
2024-02-20,14.38,35.39,1013.76,4.69,3.28,Sunny
2024-02-21,4.96,38.85,1007.36,6.37,0.16,Cloudy
2024-02-22,10.21,36.45,998.52,8.22,4.41,Cloudy
2024-02-23,1.53,39.42,1027.75,4.53,3.55,Cloudy
2024-02-24,7.9,38.37,1016.23,7.59,1.31,Cloudy
2024-02-25,5.65,47.47,1008.99,2.62,4.95,Sunny
2024-02-26,11.15,37.11,1013.25,6.48,1.78,Cloudy
2024-02-27,16.8,36.69,1014.83,0.93,0.49,Cloudy
2024-02-28,19.33,28.61,991.76,6.04,0.12,Sunny
2024-02-29,8.05,63.51,1007.23,7.0,0.27,Cloudy
2024-03-01,17.06,59.45,995.87,9.71,2.77,Sunny
2024-03-02,26.54,54.41,1007.01,1.04,3.0,Sunny
2024-03-03,20.12,48.61,1002.32,9.56,1.4,Sunny
2024-03-04,20.71,31.08,1025.78,1.58,1.67,Sunny
2024-03-05,27.99,62.13,1033.61,8.83,0.77,Cloudy
2024-03-06,30.07,58.86,1019.86,1.8,0.02,Sunny
2024-03-07,21.77,27.97,1010.31,5.38,2.3,Cloudy
2024-03-08,26.84,27.68,1012.44,4.86,5.87,Rainy
2024-03-09,9.48,40.3,1016.67,2.23,0.64,Cloudy
2024-03-10,15.18,54.62,1018.04,2.33,0.06,Sunny
2024-03-11,15.76,43.75,1007.46,5.28,1.76,Cloudy
2024-03-12,12.61,51.58,1010.79,8.16,2.07,Sunny
2024-03-13,16.2,35.74,997.85,4.89,2.06,Sunny
2024-03-14,27.99,68.51,1024.2,1.52,0.89,Sunny
2024-03-15,12.37,35.33,1006.53,1.64,3.32,Cloudy
2024-03-16,17.97,58.78,1027.8,1.33,1.16,Cloudy
2024-03-17,28.69,38.68,1004.24,6.64,1.27,Cloudy
2024-03-18,10.29,52.38,1008.13,2.27,0.5,Sunny
2024-03-19,18.58,52.45,1010.61,9.71,3.01,Sunny
2024-03-20,14.31,60.06,1003.22,9.33,1.22,Cloudy
2024-03-21,12.74,46.23,1005.37,5.32,0.42,Sunny
2024-03-22,11.5,44.15,996.38,1.97,0.98,Cloudy
2024-03-23,16.84,39.47,1023.06,2.92,1.72,Cloudy
2024-03-24,18.18,52.06,1005.03,3.81,3.98,Cloudy
2024-03-25,20.65,50.09,1024.68,1.83,2.38,Sunny
2024-03-26,20.3,47.65,1008.79,6.82,1.11,Cloudy
2024-03-27,23.7,59.97,992.62,4.9,0.54,Sunny
2024-03-28,15.0,68.4,1010.81,4.15,1.18,Sunny
2024-03-29,22.72,40.93,1016.38,6.39,1.14,Cloudy
2024-03-30,18.29,50.19,1004.5,2.86,2.04,Cloudy
2024-03-31,19.4,56.46,1023.38,1.55,2.81,Cloudy
2024-04-01,16.91,37.99,1016.77,2.68,1.92,Cloudy
2024-04-02,27.06,63.52,1005.26,2.23,3.59,Sunny
2024-04-03,10.22,68.23,1012.44,1.96,1.32,Sunny
2024-04-04,32.49,54.72,1017.81,7.22,0.25,Sunny
2024-04-05,24.88,71.42,1007.89,9.38,3.9,Cloudy
2024-04-06,14.8,56.03,996.08,1.02,0.61,Cloudy
2024-04-07,25.62,37.57,1013.73,3.79,0.64,Sunny
2024-04-08,21.66,39.89,1010.54,5.23,0.81,Sunny
2024-04-09,18.17,66.21,1024.27,0.62,1.63,Sunny
2024-04-10,16.44,76.03,1013.14,2.49,3.42,Cloudy
2024-04-11,18.73,44.37,1007.57,5.87,0.1,Sunny
2024-04-12,21.73,28.95,1025.46,1.97,0.3,Sunny
2024-04-13,6.82,36.67,1030.52,0.74,0.25,Cloudy
2024-04-14,27.22,51.57,1007.75,6.7,0.41,Sunny
2024-04-15,21.97,49.81,1017.44,8.39,0.76,Cloudy
2024-04-16,15.83,54.38,1016.26,4.5,3.35,Cloudy
2024-04-17,12.7,56.97,998.92,6.11,0.47,Cloudy
2024-04-18,17.11,37.66,1015.11,7.75,0.23,Cloudy
2024-04-19,19.44,61.6,1014.5,4.54,0.03,Sunny
2024-04-20,18.12,40.23,1014.71,9.85,1.12,Sunny
2024-04-21,18.0,43.2,1003.22,3.1,1.21,Cloudy
2024-04-22,26.09,57.47,1029.65,2.17,3.69,Cloudy
2024-04-23,21.39,34.08,1013.26,2.08,2.01,Sunny
2024-04-24,19.42,36.85,1003.77,7.33,0.53,Cloudy
2024-04-25,11.34,78.79,1014.85,7.46,0.36,Cloudy
2024-04-26,17.37,75.12,1024.49,1.51,0.12,Cloudy
2024-04-27,16.41,64.57,1031.12,2.84,2.56,Cloudy
2024-04-28,25.11,48.37,1005.73,9.21,0.22,Sunny
2024-04-29,18.61,57.1,999.65,8.79,1.98,Cloudy
2024-04-30,24.96,60.64,1012.3,2.6,6.59,Rainy
2024-05-01,22.89,64.47,1000.23,9.2,0.05,Sunny
2024-05-02,27.62,62.81,1013.28,3.53,2.65,Cloudy
2024-05-03,32.37,50.89,1009.91,1.23,1.79,Sunny
2024-05-04,37.75,55.0,1027.47,3.53,1.47,Sunny
2024-05-05,33.71,73.76,1023.65,9.42,2.41,Cloudy
2024-05-06,31.71,92.67,1008.54,4.5,2.01,Cloudy
2024-05-07,39.88,49.05,1003.81,3.31,0.4,Sunny
2024-05-08,32.26,78.27,1022.84,9.47,0.94,Cloudy
2024-05-09,28.47,66.57,1017.92,6.27,1.08,Sunny
2024-05-10,27.11,47.88,1006.63,1.05,5.22,Rainy
2024-05-11,41.98,47.28,1017.71,8.25,0.38,Sunny
2024-05-12,30.19,92.19,1006.87,8.94,4.67,Cloudy
2024-05-13,30.25,68.31,1033.1,1.33,0.79,Sunny
2024-05-14,22.26,68.48,1007.82,8.59,1.03,Sunny
2024-05-15,38.4,49.59,1023.44,6.94,1.25,Sunny
2024-05-16,34.78,74.4,1021.2,7.13,1.71,Cloudy
2024-05-17,37.81,68.9,1014.47,3.68,2.04,Sunny
2024-05-18,33.43,66.82,1014.91,6.5,0.45,Sunny
2024-05-19,33.57,90.91,1015.19,7.73,1.17,Cloudy
2024-05-20,31.99,70.05,1008.54,3.36,1.85,Cloudy
2024-05-21,33.43,55.47,997.77,0.93,3.08,Sunny
2024-05-22,29.4,83.15,1007.45,3.1,8.78,Rainy
2024-05-23,40.39,29.22,1007.98,7.09,0.37,Sunny
2024-05-24,32.33,45.16,1019.5,4.49,1.53,Sunny
2024-05-25,28.35,49.39,1015.43,8.99,0.39,Cloudy
2024-05-26,27.38,64.35,1016.43,7.82,2.79,Sunny
2024-05-27,36.03,80.92,1020.09,8.07,0.99,Cloudy
2024-05-28,31.54,52.24,1014.28,3.06,2.4,Sunny
2024-05-29,27.02,29.4,988.76,6.2,0.52,Sunny
2024-05-30,37.57,45.26,1012.96,6.37,1.82,Sunny
2024-05-31,24.61,61.45,992.58,1.33,0.65,Cloudy
2024-06-01,25.43,90.17,1007.29,2.09,0.17,Cloudy
2024-06-02,38.23,74.17,1006.53,7.24,3.07,Cloudy
2024-06-03,38.64,73.07,1026.17,4.8,1.55,Cloudy
2024-06-04,36.66,59.71,1008.16,8.78,0.37,Sunny
2024-06-05,33.99,70.35,1030.28,2.67,8.41,Rainy
2024-06-06,34.69,64.87,1002.77,1.19,0.05,Sunny
2024-06-07,27.12,69.22,1008.17,3.79,0.7,Sunny
2024-06-08,41.89,84.13,1008.41,5.12,3.1,Cloudy
2024-06-09,32.73,61.9,1027.77,7.46,0.21,Sunny
2024-06-10,41.27,61.16,1006.28,9.73,0.3,Sunny
2024-06-11,34.19,66.3,1020.72,3.91,1.35,Sunny
2024-06-12,14.18,36.73,1024.61,7.85,0.21,Sunny
2024-06-13,32.67,54.74,1022.96,4.59,0.43,Sunny
2024-06-14,32.04,71.01,1009.51,0.85,2.0,Cloudy
2024-06-15,34.22,67.88,1023.3,2.46,0.18,Sunny
2024-06-16,33.29,63.08,1013.52,0.87,0.2,Sunny
2024-06-17,36.23,51.19,1022.16,4.82,1.09,Sunny
2024-06-18,38.26,63.45,1002.6,2.42,1.68,Sunny
2024-06-19,32.09,58.23,1021.7,9.47,1.72,Sunny
2024-06-20,39.78,60.14,1023.51,0.79,4.01,Sunny
2024-06-21,41.01,63.87,1029.33,1.51,1.61,Sunny
2024-06-22,24.99,66.54,1017.22,5.89,2.01,Cloudy
2024-06-23,32.46,71.7,1018.97,8.08,0.86,Cloudy
2024-06-24,35.91,61.02,1013.16,3.58,0.68,Sunny
2024-06-25,39.87,34.36,1006.61,2.66,0.11,Sunny
2024-06-26,27.35,71.71,1035.52,4.11,2.99,Cloudy
2024-06-27,21.59,30.93,1023.23,6.28,2.17,Cloudy
2024-06-28,47.83,76.6,1015.81,2.81,3.93,Cloudy
2024-06-29,26.91,34.11,1003.11,8.13,1.16,Sunny
2024-06-30,27.22,31.49,1022.41,4.43,0.19,Sunny
2024-07-01,26.26,79.38,1006.99,5.89,0.44,Cloudy
2024-07-02,27.24,91.64,1026.64,0.91,1.5,Cloudy
2024-07-03,27.58,85.69,1005.98,6.3,0.79,Cloudy
2024-07-04,20.86,74.48,1021.95,8.31,0.83,Cloudy
2024-07-05,23.86,87.37,1001.12,7.5,2.98,Cloudy
2024-07-06,26.87,83.92,1011.53,6.27,1.19,Cloudy
2024-07-07,21.03,97.02,1004.96,4.57,1.9,Cloudy
2024-07-08,33.69,98.1,1010.96,1.31,3.37,Cloudy
2024-07-09,21.64,72.39,1013.34,1.14,2.42,Cloudy
2024-07-10,23.39,71.1,1021.34,5.56,0.59,Cloudy
2024-07-11,28.49,102.1,1005.95,5.84,4.74,Cloudy
2024-07-12,26.85,76.64,998.86,1.42,0.9,Cloudy
2024-07-13,25.53,98.96,1002.08,9.93,3.93,Cloudy
2024-07-14,27.16,98.01,1016.93,1.35,2.11,Cloudy
2024-07-15,26.23,96.86,1005.14,1.33,4.15,Cloudy
2024-07-16,17.0,84.56,991.47,6.21,1.09,Cloudy
2024-07-17,27.65,85.32,1022.19,8.75,2.46,Cloudy
2024-07-18,23.5,94.05,1005.44,2.15,1.78,Cloudy
2024-07-19,26.09,98.23,1012.75,6.26,2.17,Cloudy
2024-07-20,29.29,66.56,1009.95,3.99,0.11,Cloudy
2024-07-21,27.29,86.73,1013.64,4.68,0.17,Cloudy
2024-07-22,15.68,98.65,1025.19,1.94,0.09,Cloudy
2024-07-23,28.13,84.8,1006.87,7.08,0.1,Cloudy
2024-07-24,25.11,87.22,1024.91,3.41,1.47,Cloudy
2024-07-25,17.65,70.21,1001.3,8.36,1.98,Cloudy
2024-07-26,17.64,56.36,1016.92,5.59,0.36,Cloudy
2024-07-27,27.1,81.33,1024.97,1.43,1.0,Cloudy
2024-07-28,24.48,75.29,1030.12,4.07,0.75,Cloudy
2024-07-29,31.47,83.51,1006.94,2.92,2.76,Cloudy
2024-07-30,37.62,82.65,1015.99,6.55,1.43,Cloudy
2024-07-31,24.62,86.21,1033.13,0.9,0.13,Cloudy
2024-08-01,25.82,80.11,1003.28,3.82,2.24,Cloudy
2024-08-02,22.89,100.45,1022.96,6.43,0.72,Cloudy
2024-08-03,22.33,89.13,1018.56,6.62,1.13,Cloudy
2024-08-04,25.28,86.91,1028.28,8.21,1.6,Cloudy
2024-08-05,27.3,71.38,993.34,4.67,1.42,Cloudy
2024-08-06,24.56,92.15,1021.6,8.68,2.81,Cloudy
2024-08-07,23.33,86.58,1029.07,8.5,1.96,Cloudy
2024-08-08,31.0,80.33,1017.0,8.27,0.36,Cloudy
2024-08-09,25.87,86.76,1030.02,6.11,1.07,Cloudy
2024-08-10,24.74,94.44,1025.9,2.02,0.93,Cloudy
2024-08-11,28.27,73.59,1018.89,5.77,1.98,Cloudy
2024-08-12,22.11,93.92,1011.66,7.73,0.05,Cloudy
2024-08-13,24.49,90.88,1017.2,3.61,0.24,Cloudy
2024-08-14,28.14,98.0,1015.25,4.22,0.8,Cloudy
2024-08-15,26.68,94.87,1038.58,6.6,0.1,Cloudy
2024-08-16,36.18,106.04,1023.24,3.06,2.61,Cloudy
2024-08-17,26.73,84.12,1008.47,7.96,1.84,Cloudy
2024-08-18,29.31,72.61,1005.83,1.34,0.37,Cloudy
2024-08-19,21.56,86.19,1031.54,6.54,2.31,Cloudy
2024-08-20,23.18,86.72,1031.85,2.25,0.67,Cloudy
2024-08-21,32.45,68.93,1011.52,2.96,0.84,Sunny
2024-08-22,26.99,58.94,1012.72,4.65,1.96,Sunny
2024-08-23,31.88,84.7,1016.02,7.64,1.6,Cloudy
2024-08-24,25.19,72.09,1010.74,3.08,2.14,Cloudy
2024-08-25,30.45,82.18,1005.53,0.82,0.1,Cloudy
2024-08-26,18.07,90.96,1013.67,9.4,0.08,Cloudy
2024-08-27,24.94,83.68,1000.46,2.38,1.25,Cloudy
2024-08-28,27.79,74.67,1005.65,8.58,1.24,Cloudy
2024-08-29,20.73,87.76,1019.93,1.14,1.85,Cloudy
2024-08-30,22.86,59.67,1017.37,4.89,0.8,Sunny
2024-08-31,30.85,100.1,1005.72,8.16,0.92,Cloudy
2024-09-01,21.82,75.41,1014.23,2.45,3.15,Cloudy
2024-09-02,31.92,73.78,1012.22,5.62,1.03,Cloudy
2024-09-03,25.69,86.48,1014.13,3.23,2.36,Cloudy
2024-09-04,23.99,93.56,1025.81,9.19,1.14,Cloudy
2024-09-05,26.25,83.71,1009.65,2.25,3.37,Cloudy
2024-09-06,22.48,99.55,1002.32,1.29,3.21,Cloudy
2024-09-07,28.92,86.47,1002.38,8.88,0.84,Cloudy
2024-09-08,30.09,102.9,1016.26,1.25,1.97,Cloudy
2024-09-09,26.76,93.27,1002.93,4.98,2.59,Cloudy
2024-09-10,26.32,85.41,1012.77,3.68,0.29,Cloudy
2024-09-11,30.46,80.78,1009.08,4.78,2.07,Cloudy
2024-09-12,24.74,104.99,1008.68,4.98,5.8,Rainy
2024-09-13,23.03,79.15,1008.35,2.16,2.9,Cloudy
2024-09-14,27.98,84.61,999.54,7.09,1.08,Cloudy
2024-09-15,20.64,91.04,1016.51,7.99,1.64,Cloudy
2024-09-16,28.78,85.95,1032.0,1.55,0.89,Cloudy
2024-09-17,30.19,67.51,1007.65,7.53,3.75,Sunny
2024-09-18,27.06,83.21,1010.4,7.66,2.45,Cloudy
2024-09-19,24.43,83.68,1016.67,1.42,0.42,Cloudy
2024-09-20,33.31,85.97,996.84,3.32,0.53,Cloudy
2024-09-21,33.22,83.11,1013.7,1.1,2.67,Cloudy
2024-09-22,28.79,92.26,1018.01,8.85,1.27,Cloudy
2024-09-23,16.54,69.31,1018.11,8.98,0.88,Sunny
2024-09-24,34.72,106.35,1020.42,2.76,1.08,Cloudy
2024-09-25,23.33,99.12,1014.23,7.56,1.06,Cloudy
2024-09-26,26.96,83.23,999.8,4.99,0.07,Cloudy
2024-09-27,22.9,70.52,997.95,2.47,1.09,Cloudy
2024-09-28,28.42,79.07,1026.4,5.37,0.52,Cloudy
2024-09-29,26.7,83.37,1009.81,5.32,3.11,Cloudy
2024-09-30,26.62,80.85,997.86,4.51,0.79,Cloudy
2024-10-01,24.09,43.66,1008.17,2.95,0.09,Sunny
2024-10-02,25.81,62.63,1004.09,4.83,0.69,Sunny
2024-10-03,19.18,54.07,1010.75,9.45,1.66,Cloudy
2024-10-04,17.22,68.62,1013.19,6.54,3.67,Sunny
2024-10-05,26.39,50.68,1001.56,0.61,0.82,Sunny
2024-10-06,22.18,33.44,1013.93,1.67,1.23,Sunny
2024-10-07,25.33,66.83,1006.54,6.89,0.48,Cloudy
2024-10-08,31.1,55.26,1010.5,8.31,2.92,Sunny
2024-10-09,23.08,54.19,1026.04,7.2,1.75,Sunny
2024-10-10,13.17,45.36,1010.85,8.96,0.64,Cloudy
2024-10-11,30.03,48.33,996.17,6.93,1.4,Sunny
2024-10-12,16.31,48.94,1015.8,7.04,0.23,Cloudy
2024-10-13,20.08,60.49,1008.64,0.79,0.74,Sunny
2024-10-14,21.04,73.79,1010.05,1.6,4.68,Cloudy
2024-10-15,24.12,68.58,1011.93,4.16,0.62,Sunny
2024-10-16,21.4,65.09,1035.31,7.74,2.69,Cloudy
2024-10-17,13.71,44.02,1011.32,3.07,5.09,Rainy
2024-10-18,16.15,57.12,1015.39,4.72,1.48,Cloudy
2024-10-19,11.31,75.8,1000.7,4.25,0.06,Cloudy
2024-10-20,29.28,41.24,1017.68,5.57,3.06,Cloudy
2024-10-21,22.45,55.98,1019.22,9.47,0.24,Cloudy
2024-10-22,21.28,60.34,1012.49,6.09,0.71,Cloudy
2024-10-23,17.07,55.92,991.64,5.98,3.01,Sunny
2024-10-24,34.44,60.46,1019.45,5.95,4.69,Sunny
2024-10-25,20.91,58.72,1018.94,6.45,3.91,Sunny
2024-10-26,10.2,56.74,1022.48,7.08,0.22,Sunny
2024-10-27,15.35,53.04,1022.53,3.3,0.02,Sunny
2024-10-28,25.5,56.95,1017.32,7.66,2.2,Cloudy
2024-10-29,28.17,63.87,1012.73,1.24,0.79,Sunny
2024-10-30,17.12,49.59,1009.92,8.18,4.43,Sunny
2024-10-31,14.85,50.93,1019.59,0.98,0.11,Sunny
2024-11-01,22.54,43.53,1003.6,8.13,3.97,Sunny
2024-11-02,24.93,42.34,1019.35,9.8,1.39,Sunny
2024-11-03,19.76,26.81,1014.84,6.07,1.47,Sunny
2024-11-04,21.86,58.2,1017.76,5.75,1.1,Sunny
2024-11-05,24.81,49.78,995.31,3.2,0.22,Sunny
2024-11-06,20.21,52.38,1013.0,0.95,0.48,Sunny
2024-11-07,21.31,60.68,1004.33,3.5,0.16,Cloudy
2024-11-08,14.98,54.61,1015.63,4.62,3.61,Sunny
2024-11-09,23.56,55.29,1007.17,5.19,0.74,Sunny
2024-11-10,29.54,70.83,1013.89,3.33,0.17,Cloudy
2024-11-11,24.02,66.34,1008.5,9.59,1.04,Cloudy
2024-11-12,11.63,43.39,1007.92,7.79,0.81,Cloudy
2024-11-13,22.06,61.12,1001.61,4.99,3.18,Sunny
2024-11-14,22.54,43.55,1016.76,7.52,0.57,Sunny
2024-11-15,16.01,66.92,1019.38,8.96,0.51,Cloudy
2024-11-16,19.5,50.4,1020.41,0.64,0.71,Sunny
2024-11-17,19.49,32.24,1011.09,5.54,1.36,Cloudy
2024-11-18,21.4,57.96,1001.19,7.85,2.22,Cloudy
2024-11-19,27.33,58.56,1018.92,1.64,0.46,Sunny
2024-11-20,25.51,35.27,1014.65,8.55,0.04,Sunny
2024-11-21,22.55,56.32,1027.9,4.28,0.54,Sunny
2024-11-22,18.3,61.55,1013.21,9.65,0.12,Cloudy
2024-11-23,20.4,46.96,1009.82,6.41,2.28,Cloudy
2024-11-24,18.05,65.68,1028.81,2.97,0.64,Cloudy
2024-11-25,17.47,64.6,1012.24,7.22,0.1,Cloudy
2024-11-26,22.84,39.85,1033.24,1.22,0.48,Cloudy
2024-11-27,21.67,57.67,1028.33,0.92,0.27,Sunny
2024-11-28,15.77,53.65,997.02,4.65,1.35,Sunny
2024-11-29,24.23,50.51,1013.19,7.69,0.26,Sunny
2024-11-30,28.84,55.73,1003.44,5.87,2.22,Cloudy
2024-12-01,11.74,33.74,1019.05,3.56,2.83,Cloudy
2024-12-02,8.18,35.3,1034.0,1.63,0.51,Sunny
2024-12-03,10.25,34.94,1026.21,4.23,2.11,Sunny
2024-12-04,2.68,37.11,993.3,6.74,0.41,Sunny
2024-12-05,14.49,28.43,1019.86,9.53,1.31,Sunny
2024-12-06,16.75,56.69,1004.01,8.99,4.39,Cloudy
2024-12-07,2.97,48.58,1028.11,5.23,0.34,Sunny
2024-12-08,4.47,46.77,986.96,8.2,2.71,Cloudy
2024-12-09,13.47,32.69,1024.93,1.94,3.13,Sunny
2024-12-10,1.75,34.55,1016.48,0.5,0.81,Cloudy
2024-12-11,6.21,34.91,1002.14,2.69,0.0,Cloudy
2024-12-12,11.1,48.98,995.74,3.59,1.87,Sunny
2024-12-13,5.68,48.54,1010.48,8.16,6.29,Rainy
2024-12-14,9.86,62.28,1013.85,7.24,0.27,Sunny
2024-12-15,6.8,57.27,997.97,3.32,1.88,Cloudy
2024-12-16,8.58,75.51,1019.07,8.36,1.79,Cloudy
2024-12-17,8.44,59.1,1017.98,7.43,2.97,Sunny
2024-12-18,12.96,28.92,1017.4,7.41,1.24,Sunny
2024-12-19,13.88,41.23,1009.13,7.97,1.99,Sunny
2024-12-20,8.39,23.04,1021.9,5.69,5.12,Rainy
2024-12-21,12.89,36.89,1017.21,2.2,2.41,Sunny
2024-12-22,1.43,30.9,1019.93,6.89,2.39,Sunny
2024-12-23,9.41,32.4,1015.61,9.11,0.02,Sunny
2024-12-24,8.44,24.28,1002.71,6.4,0.61,Cloudy
2024-12-25,1.98,52.66,995.93,7.01,0.61,Cloudy
2024-12-26,8.12,44.11,1024.17,2.39,0.81,Cloudy
2024-12-27,16.42,37.78,1003.43,4.6,5.9,Rainy
2024-12-28,8.65,33.07,1021.9,4.52,0.64,Sunny
2024-12-29,12.18,33.08,998.5,3.05,0.51,Cloudy
2024-12-30,11.18,33.67,1007.53,6.19,1.47,Sunny
2024-12-31,6.04,52.35,1001.52,7.21,1.41,Sunny
2025-01-01,2.55,51.53,1018.51,2.43,1.33,Cloudy
2025-01-02,13.8,50.55,1012.57,6.04,0.44,Sunny
2025-01-03,12.74,49.57,1018.65,9.78,0.16,Cloudy
2025-01-04,4.85,39.38,1009.3,9.19,0.85,Cloudy
2025-01-05,4.6,64.4,1000.08,7.28,0.14,Cloudy
2025-01-06,14.04,33.74,1006.09,3.07,0.43,Cloudy
2025-01-07,8.23,54.26,1007.2,9.54,2.73,Cloudy
2025-01-08,12.2,45.1,1020.43,2.4,1.44,Cloudy
2025-01-09,16.12,32.56,1019.83,6.05,1.16,Sunny
2025-01-10,7.38,27.71,1020.22,7.98,0.91,Sunny
2025-01-11,4.69,42.54,1032.93,9.39,0.1,Cloudy
2025-01-12,5.07,46.66,1012.55,3.36,1.05,Sunny
2025-01-13,8.55,42.29,1000.43,2.02,0.26,Sunny
2025-01-14,15.65,46.25,1022.68,1.55,0.51,Sunny
2025-01-15,2.92,75.71,999.49,8.37,2.34,Cloudy
2025-01-16,4.49,36.82,1016.28,3.87,1.06,Cloudy
2025-01-17,7.15,56.68,1016.67,6.93,2.73,Sunny
2025-01-18,9.27,56.35,1001.69,2.02,1.68,Sunny
2025-01-19,10.94,34.35,1022.76,5.39,0.26,Cloudy
2025-01-20,13.17,26.33,1009.92,5.43,1.4,Sunny
2025-01-21,1.98,60.66,997.14,5.64,1.79,Sunny
2025-01-22,-1.14,32.17,1013.03,8.77,1.5,Sunny
2025-01-23,5.1,32.02,1004.05,7.07,0.35,Sunny
2025-01-24,9.68,37.84,998.51,4.48,0.03,Sunny
2025-01-25,20.88,59.63,1015.81,8.44,2.58,Sunny
2025-01-26,18.69,57.72,1006.74,4.79,0.3,Sunny
2025-01-27,5.87,50.09,1012.57,1.14,3.15,Cloudy
2025-01-28,11.99,16.97,1015.11,4.07,2.44,Sunny
2025-01-29,1.86,27.7,1006.76,4.01,0.94,Sunny
2025-01-30,10.87,56.01,1001.62,5.1,0.01,Sunny
2025-01-31,14.33,33.07,1017.57,7.93,2.09,Sunny
2025-02-01,17.45,56.15,1004.39,6.39,2.03,Cloudy
2025-02-02,6.83,45.28,1014.97,6.17,1.59,Cloudy
2025-02-03,11.94,44.25,1016.98,5.0,1.89,Cloudy
2025-02-04,4.46,25.18,1009.29,9.12,1.06,Sunny
2025-02-05,1.16,57.75,1023.31,8.06,0.48,Cloudy
2025-02-06,6.32,44.48,1001.24,2.31,1.78,Sunny
2025-02-07,6.45,30.57,1000.67,8.24,2.26,Cloudy
2025-02-08,7.68,39.91,1002.91,0.8,0.45,Cloudy
2025-02-09,0.89,24.83,1010.37,3.57,3.42,Sunny
2025-02-10,9.82,44.93,1017.69,1.14,0.15,Cloudy
2025-02-11,3.84,41.04,1010.56,0.71,0.67,Cloudy
2025-02-12,14.53,44.26,1019.22,7.74,0.06,Cloudy
2025-02-13,17.42,60.97,1023.24,8.71,1.33,Sunny
2025-02-14,10.77,44.3,1004.82,2.67,1.36,Sunny
2025-02-15,18.4,23.13,1021.85,6.14,0.08,Cloudy
2025-02-16,18.76,36.82,1032.63,7.12,1.57,Sunny
2025-02-17,8.53,41.3,1029.85,2.2,1.83,Sunny
2025-02-18,18.87,38.36,1028.54,8.46,2.44,Sunny
2025-02-19,14.36,32.93,1010.03,1.96,1.28,Cloudy
2025-02-20,11.52,65.42,1008.34,0.8,0.83,Sunny
2025-02-21,9.64,26.76,1019.23,8.7,3.26,Cloudy
2025-02-22,11.54,45.8,1015.53,9.75,0.94,Sunny
2025-02-23,13.07,37.01,1005.53,1.17,0.36,Sunny
2025-02-24,6.02,33.66,1010.44,9.74,2.14,Cloudy
2025-02-25,8.67,49.17,1006.5,3.6,0.53,Cloudy
2025-02-26,6.86,25.82,1008.44,2.5,2.48,Sunny
2025-02-27,10.08,30.58,1004.52,3.37,1.24,Cloudy
2025-02-28,8.8,55.3,1016.5,3.1,1.0,Cloudy
2025-03-01,14.82,46.25,1007.5,1.04,0.81,Sunny
2025-03-02,28.05,72.4,1017.82,3.48,1.16,Cloudy
2025-03-03,21.29,58.21,998.95,7.55,1.02,Cloudy
2025-03-04,26.11,57.68,995.96,4.81,2.16,Sunny
2025-03-05,14.89,56.52,1029.26,5.15,1.55,Sunny
2025-03-06,18.44,58.93,1015.17,2.26,0.49,Cloudy
2025-03-07,13.3,41.87,1021.33,9.31,5.26,Rainy
2025-03-08,14.92,59.61,1005.82,5.79,2.8,Sunny
2025-03-09,17.78,49.33,1019.81,2.57,3.11,Sunny
2025-03-10,14.03,61.49,1006.63,4.85,0.65,Sunny
2025-03-11,22.23,36.22,1006.32,2.76,3.59,Cloudy
2025-03-12,4.57,46.22,985.52,6.17,11.59,Rainy
2025-03-13,16.45,61.96,1016.83,0.79,0.34,Cloudy
2025-03-14,16.45,58.76,1018.08,0.98,0.05,Sunny
2025-03-15,35.46,65.81,1015.87,0.74,0.89,Sunny
2025-03-16,17.81,38.58,1008.84,8.11,0.75,Cloudy
2025-03-17,13.28,49.93,1020.58,6.94,1.25,Sunny
2025-03-18,20.46,57.46,1005.81,3.78,0.05,Cloudy
2025-03-19,23.91,51.94,1015.15,6.31,1.7,Cloudy
2025-03-20,23.43,45.88,1021.76,9.91,0.56,Cloudy
2025-03-21,26.16,39.51,1009.08,3.76,2.7,Sunny
2025-03-22,22.82,47.5,1013.85,2.84,0.96,Sunny
2025-03-23,7.46,60.11,1028.21,9.09,2.55,Cloudy
2025-03-24,18.75,58.14,1024.36,3.08,0.32,Cloudy
2025-03-25,13.41,45.55,1010.41,1.64,1.99,Sunny
2025-03-26,11.44,30.53,999.32,2.06,0.19,Sunny
2025-03-27,31.76,57.38,1004.54,6.76,4.02,Sunny
2025-03-28,23.86,58.77,996.45,0.6,2.63,Cloudy
2025-03-29,14.95,45.28,1037.12,1.63,5.91,Rainy
2025-03-30,28.79,49.66,1003.48,2.14,1.26,Sunny
2025-03-31,21.06,38.91,1004.4,0.98,0.08,Cloudy
2025-04-01,21.71,48.89,1017.86,3.91,2.6,Sunny
2025-04-02,12.08,56.82,999.03,8.15,0.6,Cloudy
2025-04-03,6.74,48.25,1025.0,8.32,0.73,Cloudy
2025-04-04,13.94,47.07,1017.49,5.55,0.05,Sunny
2025-04-05,6.24,49.62,1013.59,7.29,0.11,Sunny
2025-04-06,20.31,50.98,1014.57,6.79,0.12,Sunny
2025-04-07,19.47,59.91,1017.25,4.05,0.44,Sunny
2025-04-08,25.41,50.84,1004.43,6.75,0.11,Sunny
2025-04-09,13.2,51.51,1012.07,2.1,3.17,Cloudy
2025-04-10,14.32,61.99,1013.18,9.6,0.37,Sunny
2025-04-11,22.51,45.82,1015.02,6.94,0.84,Cloudy
2025-04-12,29.71,56.7,1010.51,5.63,2.79,Sunny
2025-04-13,7.93,49.69,1012.43,5.38,0.55,Sunny
2025-04-14,22.46,57.12,1017.2,7.42,0.64,Cloudy
2025-04-15,26.38,51.6,1005.93,9.91,0.04,Cloudy
2025-04-16,27.58,57.06,1016.61,9.42,0.3,Sunny
2025-04-17,14.68,45.16,1001.38,2.12,0.81,Cloudy
2025-04-18,19.36,51.54,1005.44,1.45,0.03,Sunny
2025-04-19,28.55,42.1,1017.91,9.3,0.82,Sunny
2025-04-20,14.39,63.55,1008.89,0.61,2.32,Sunny
2025-04-21,19.48,40.16,1013.41,3.11,1.85,Cloudy
2025-04-22,23.16,51.56,991.73,0.98,0.83,Cloudy
2025-04-23,23.1,39.36,1011.89,3.71,3.07,Sunny
2025-04-24,9.7,41.06,996.69,5.53,0.26,Sunny
2025-04-25,27.27,46.21,1008.41,3.93,0.79,Sunny
2025-04-26,15.75,51.1,1008.84,7.12,0.32,Sunny
2025-04-27,14.97,36.22,998.33,6.89,2.62,Cloudy
2025-04-28,19.45,49.7,1009.69,7.51,0.67,Sunny
2025-04-29,15.8,68.08,1008.9,4.94,1.45,Sunny
2025-04-30,20.49,34.76,994.17,8.58,0.34,Cloudy
2025-05-01,33.96,69.73,1003.48,7.77,0.44,Sunny
2025-05-02,29.74,72.69,1001.22,6.15,1.39,Cloudy
2025-05-03,39.98,32.53,1005.65,7.08,0.4,Sunny
2025-05-04,39.07,71.85,1003.12,8.57,0.07,Cloudy
2025-05-05,29.42,71.5,1008.82,0.63,0.13,Cloudy
2025-05-06,17.7,82.27,1014.89,3.31,1.64,Cloudy
2025-05-07,34.98,74.53,996.31,9.21,0.78,Cloudy
2025-05-08,39.23,50.15,994.42,7.13,3.46,Sunny
2025-05-09,37.95,66.25,1004.19,6.79,1.51,Sunny
2025-05-10,27.25,56.17,1024.73,6.82,1.22,Cloudy
2025-05-11,25.97,66.7,1010.84,7.42,2.27,Sunny
2025-05-12,24.93,86.18,1014.34,9.6,1.25,Cloudy
2025-05-13,26.89,32.1,997.39,2.78,0.15,Cloudy
2025-05-14,39.77,62.77,988.12,8.8,8.13,Rainy
2025-05-15,40.34,36.52,1029.76,6.98,0.57,Sunny
2025-05-16,27.0,47.01,1002.74,7.09,1.81,Sunny
2025-05-17,35.92,86.42,1001.18,0.74,0.5,Cloudy
2025-05-18,38.87,42.97,1017.16,1.69,4.96,Sunny
2025-05-19,29.71,88.43,1014.96,5.67,0.4,Cloudy
2025-05-20,28.78,67.12,1007.11,7.05,0.44,Sunny
2025-05-21,34.39,86.72,1027.0,4.93,0.32,Cloudy
2025-05-22,24.95,90.48,1010.57,0.7,0.57,Cloudy
2025-05-23,28.3,53.67,1010.16,4.42,4.09,Cloudy
2025-05-24,40.5,57.03,1013.77,4.09,0.1,Sunny
2025-05-25,28.21,61.97,1001.47,1.59,3.22,Sunny
2025-05-26,18.29,36.12,1032.53,6.66,0.1,Cloudy
2025-05-27,34.67,52.86,1027.51,4.31,0.62,Sunny
2025-05-28,42.28,48.06,1005.72,2.48,0.09,Sunny
2025-05-29,47.37,68.32,1024.06,5.63,0.12,Sunny
2025-05-30,30.34,54.2,1004.97,1.86,0.25,Sunny
2025-05-31,41.06,75.03,1035.71,8.37,2.3,Cloudy
2025-06-01,29.96,60.7,987.68,6.02,4.12,Sunny
2025-06-02,34.76,47.86,1032.92,4.12,0.08,Sunny
2025-06-03,28.69,56.65,1007.68,4.7,0.07,Sunny
2025-06-04,35.39,38.68,1015.53,8.35,1.5,Sunny
2025-06-05,41.24,82.8,1012.02,5.64,1.39,Cloudy
2025-06-06,32.89,42.14,1014.46,7.76,1.11,Sunny
2025-06-07,29.71,42.33,1004.95,2.05,0.31,Cloudy
2025-06-08,26.62,55.28,983.71,4.14,2.74,Cloudy
2025-06-09,44.36,50.9,1031.97,8.84,1.22,Sunny
2025-06-10,30.38,54.48,1008.45,2.11,0.2,Sunny
2025-06-11,30.79,40.51,1000.15,9.9,1.73,Sunny
2025-06-12,33.66,84.24,1009.98,4.45,0.04,Cloudy
2025-06-13,14.36,59.92,1019.65,3.5,0.75,Cloudy
2025-06-14,29.61,64.77,1018.11,5.01,3.83,Sunny
2025-06-15,43.24,60.55,1006.73,9.93,0.41,Sunny
2025-06-16,32.37,45.61,1016.23,2.22,2.41,Sunny
2025-06-17,34.08,55.41,995.52,8.41,2.45,Sunny
2025-06-18,28.08,68.11,1018.03,9.97,0.22,Sunny
2025-06-19,15.11,81.53,1001.26,6.86,0.99,Cloudy
2025-06-20,18.91,91.75,1011.97,5.76,1.27,Cloudy
2025-06-21,25.92,47.57,1011.4,7.91,1.24,Sunny
2025-06-22,35.12,82.21,1019.87,5.14,0.21,Cloudy
2025-06-23,39.74,38.22,1038.12,3.24,0.01,Sunny
2025-06-24,20.89,70.22,1011.87,1.37,1.47,Cloudy
2025-06-25,19.82,82.71,1013.52,2.36,0.03,Cloudy
2025-06-26,35.52,67.89,1010.03,7.62,3.66,Sunny
2025-06-27,37.33,60.14,1006.62,2.85,0.55,Sunny
2025-06-28,47.41,82.69,1013.71,2.53,0.5,Cloudy
2025-06-29,26.72,59.4,1019.04,9.36,0.03,Sunny
2025-06-30,42.86,84.62,1003.27,8.86,0.08,Cloudy
2025-07-01,30.7,78.61,1005.81,1.81,2.94,Cloudy
2025-07-02,34.2,88.87,1005.2,4.4,0.35,Cloudy
2025-07-03,30.4,85.22,1016.96,7.93,2.18,Cloudy
2025-07-04,21.49,101.42,999.27,5.29,0.56,Cloudy
2025-07-05,31.2,71.35,1020.64,4.35,0.47,Cloudy
2025-07-06,27.12,86.36,1017.22,8.54,0.3,Cloudy
2025-07-07,26.82,87.09,1011.17,5.12,0.17,Cloudy
2025-07-08,20.53,88.65,1020.83,8.64,2.17,Cloudy
2025-07-09,25.17,77.49,1016.64,3.65,1.04,Cloudy
2025-07-10,31.07,77.76,1016.73,1.8,4.57,Cloudy
2025-07-11,29.63,76.08,1018.9,9.48,0.56,Cloudy
2025-07-12,31.86,77.67,1012.35,1.01,1.9,Cloudy
2025-07-13,28.67,78.57,1009.06,8.45,1.19,Cloudy
2025-07-14,26.71,101.32,1025.75,8.38,1.85,Cloudy
2025-07-15,27.83,99.93,1009.85,7.39,0.18,Cloudy
2025-07-16,29.29,102.91,1003.84,9.45,0.53,Cloudy
2025-07-17,21.6,100.64,1013.39,4.01,0.66,Cloudy
2025-07-18,22.86,94.34,1045.43,1.81,6.09,Rainy
2025-07-19,34.87,88.91,1030.03,4.44,0.82,Cloudy
2025-07-20,24.68,95.32,1001.0,2.94,2.09,Cloudy
2025-07-21,12.7,90.42,1011.78,3.78,0.08,Cloudy
2025-07-22,21.82,80.46,1016.22,4.59,0.19,Cloudy
2025-07-23,22.32,93.93,998.26,7.33,0.18,Cloudy
2025-07-24,30.11,68.23,1014.03,8.68,3.02,Sunny
2025-07-25,34.72,86.39,1012.89,7.67,0.43,Cloudy
2025-07-26,26.94,81.76,1019.65,3.7,2.64,Cloudy
2025-07-27,22.22,68.55,1017.72,4.47,0.71,Cloudy
2025-07-28,17.53,81.86,1002.57,2.06,2.29,Cloudy
2025-07-29,21.94,77.05,1026.03,1.24,4.67,Cloudy
2025-07-30,27.52,86.37,1013.08,7.81,4.1,Cloudy
2025-07-31,24.37,82.15,1002.84,4.08,0.75,Cloudy
2025-08-01,21.45,78.64,1013.35,8.07,2.02,Cloudy
2025-08-02,16.14,84.92,1013.98,4.08,0.8,Cloudy
2025-08-03,24.22,75.1,1009.0,9.82,0.72,Cloudy
2025-08-04,25.74,90.84,1017.88,1.89,4.17,Cloudy
2025-08-05,31.69,80.33,1023.36,3.88,0.24,Cloudy
2025-08-06,22.78,83.96,1009.9,2.37,0.41,Cloudy
2025-08-07,27.17,104.14,1023.91,2.44,0.95,Cloudy
2025-08-08,23.1,96.42,1001.93,0.74,1.76,Cloudy
2025-08-09,24.24,74.0,1005.76,1.9,0.53,Cloudy
2025-08-10,25.2,80.98,1005.72,9.3,0.26,Cloudy
2025-08-11,30.59,91.38,999.1,2.08,3.72,Cloudy
2025-08-12,24.44,66.53,1024.92,9.54,2.01,Cloudy
2025-08-13,30.29,68.69,1016.02,4.53,0.63,Sunny
2025-08-14,26.57,79.38,1011.38,9.14,1.26,Cloudy
2025-08-15,29.94,67.46,1009.07,8.04,4.25,Cloudy
2025-08-16,32.79,94.25,1016.8,4.25,0.08,Cloudy
2025-08-17,30.79,98.39,1026.25,2.27,2.08,Cloudy
2025-08-18,17.54,92.23,1004.55,5.08,0.37,Cloudy
2025-08-19,26.75,94.2,1031.56,2.9,0.89,Cloudy
2025-08-20,26.37,86.44,1017.62,5.73,0.25,Cloudy
2025-08-21,31.74,97.68,1013.6,3.75,1.57,Cloudy
2025-08-22,26.85,79.17,1025.3,4.24,0.96,Cloudy
2025-08-23,26.18,92.52,1010.2,2.07,1.84,Cloudy
2025-08-24,25.25,87.8,1006.89,0.89,0.58,Cloudy
2025-08-25,30.84,87.14,1013.49,2.96,0.08,Cloudy
2025-08-26,27.86,90.19,994.1,5.86,1.38,Cloudy
2025-08-27,22.21,88.91,1016.56,7.74,1.34,Cloudy
2025-08-28,27.9,81.32,1029.41,5.15,1.13,Cloudy
2025-08-29,22.81,87.79,1032.23,4.66,0.49,Cloudy
2025-08-30,18.95,82.19,1013.28,7.5,0.06,Cloudy
2025-08-31,17.05,101.8,1004.37,9.74,1.09,Cloudy
2025-09-01,23.14,77.4,1006.7,1.21,0.17,Cloudy
2025-09-02,25.31,78.2,1003.15,0.85,0.08,Cloudy
2025-09-03,26.64,76.8,1019.96,4.51,0.06,Cloudy
2025-09-04,31.83,70.4,1006.21,3.98,0.16,Cloudy
2025-09-05,27.92,97.33,998.84,4.83,0.99,Cloudy
2025-09-06,24.68,89.06,1012.78,9.17,1.41,Cloudy
2025-09-07,20.01,92.66,1008.85,5.81,1.08,Cloudy
2025-09-08,26.37,78.53,1017.6,5.97,0.2,Cloudy
2025-09-09,29.7,94.3,1010.63,6.66,3.44,Cloudy
2025-09-10,22.83,71.92,1014.89,6.93,0.54,Cloudy
2025-09-11,28.33,70.26,1011.55,6.36,0.06,Cloudy
2025-09-12,20.53,79.59,1019.34,4.54,1.25,Cloudy
2025-09-13,25.83,87.05,1013.8,4.19,2.65,Cloudy
2025-09-14,24.45,84.97,1025.35,7.77,3.98,Cloudy
2025-09-15,23.06,78.44,1013.72,4.18,0.5,Cloudy
2025-09-16,33.18,85.59,1010.06,8.76,0.3,Cloudy
2025-09-17,33.72,85.02,997.7,4.72,2.03,Cloudy
2025-09-18,21.25,75.25,1006.92,6.04,3.24,Cloudy
2025-09-19,26.07,69.64,1030.99,7.16,0.79,Sunny
2025-09-20,25.03,102.06,1011.89,9.8,0.82,Cloudy
2025-09-21,26.23,88.14,1029.38,8.08,3.0,Cloudy
2025-09-22,14.66,88.41,1007.85,8.7,0.98,Cloudy
2025-09-23,27.15,82.48,1010.83,2.44,2.63,Cloudy
2025-09-24,23.57,87.53,1010.31,8.65,0.55,Cloudy
2025-09-25,18.06,87.47,1005.88,4.98,0.39,Cloudy
2025-09-26,22.13,85.7,1012.91,2.2,3.33,Cloudy
2025-09-27,30.85,82.96,1007.91,3.18,0.31,Cloudy
2025-09-28,24.8,96.42,1008.83,7.94,0.02,Cloudy
2025-09-29,26.54,94.06,988.74,5.03,0.74,Cloudy
2025-09-30,27.26,57.78,1015.44,3.18,0.49,Cloudy
2025-10-01,17.86,51.21,984.45,2.96,0.57,Cloudy
2025-10-02,19.9,53.68,1013.45,0.63,0.45,Cloudy
2025-10-03,27.95,51.8,994.96,5.57,0.78,Cloudy
2025-10-04,24.33,43.87,1031.69,5.39,6.95,Rainy
2025-10-05,20.54,65.5,1018.04,4.15,0.64,Sunny
2025-10-06,27.05,69.14,994.58,8.19,0.41,Sunny
2025-10-07,25.62,40.39,1034.96,4.73,5.12,Rainy
2025-10-08,26.72,51.64,1015.34,7.32,0.7,Cloudy
2025-10-09,25.96,51.11,1010.13,2.82,5.1,Rainy
2025-10-10,24.45,56.87,1015.91,7.03,0.48,Sunny
2025-10-11,13.75,42.97,1002.2,5.16,0.58,Cloudy
2025-10-12,17.67,56.14,1033.93,9.84,0.41,Sunny
2025-10-13,18.27,60.84,1015.03,6.93,0.1,Sunny
2025-10-14,29.25,57.93,998.16,1.77,4.6,Cloudy
2025-10-15,23.58,34.45,1014.26,3.25,0.41,Cloudy
2025-10-16,17.57,48.78,999.93,9.78,4.64,Cloudy
2025-10-17,14.35,61.33,1008.35,3.03,1.06,Cloudy
2025-10-18,24.75,55.94,1001.73,1.08,1.81,Sunny
2025-10-19,26.47,60.03,1002.23,7.78,0.54,Cloudy
2025-10-20,21.42,69.99,1019.81,6.29,3.7,Sunny
2025-10-21,18.33,40.24,1018.03,5.01,0.61,Cloudy
2025-10-22,26.15,79.61,1006.46,2.71,1.02,Cloudy
2025-10-23,20.23,39.21,1013.47,2.95,0.94,Sunny
2025-10-24,25.05,55.65,1018.91,1.58,1.55,Cloudy
2025-10-25,25.27,63.97,1033.98,5.52,0.05,Sunny
2025-10-26,19.76,34.85,1002.08,7.07,2.38,Sunny
2025-10-27,17.8,76.9,1005.24,8.75,2.64,Cloudy
2025-10-28,19.73,46.9,1006.14,9.46,1.41,Cloudy
2025-10-29,17.3,64.82,1007.67,3.11,1.53,Cloudy
2025-10-30,16.47,70.51,1017.87,6.65,0.21,Cloudy
2025-10-31,26.04,62.89,1009.15,8.35,1.81,Sunny
2025-11-01,19.2,31.93,1015.0,3.46,1.12,Cloudy
2025-11-02,23.73,39.67,1002.14,6.79,1.88,Cloudy
2025-11-03,16.13,54.28,1014.02,8.76,3.32,Sunny
2025-11-04,16.51,33.83,1007.38,8.3,0.42,Cloudy
2025-11-05,26.15,54.09,999.43,1.47,3.63,Cloudy
2025-11-06,24.0,52.12,1005.39,5.69,0.14,Cloudy
2025-11-07,26.92,47.56,1024.5,0.67,0.08,Cloudy
2025-11-08,25.72,52.1,999.67,6.17,0.48,Cloudy
2025-11-09,30.45,69.25,1007.2,1.7,0.21,Sunny
2025-11-10,19.07,59.71,1016.87,2.25,0.17,Cloudy
2025-11-11,25.86,70.67,1021.46,1.03,2.06,Cloudy
2025-11-12,23.13,55.59,1023.54,9.6,0.05,Sunny
2025-11-13,17.79,49.32,1012.66,9.19,0.36,Sunny
2025-11-14,16.46,53.63,1013.01,1.89,1.56,Cloudy
2025-11-15,18.73,71.95,1004.95,4.76,0.78,Cloudy
2025-11-16,24.39,33.56,1017.13,9.2,0.46,Cloudy
2025-11-17,25.29,61.23,1001.13,2.29,0.54,Sunny
2025-11-18,25.88,43.78,1016.44,1.74,1.55,Cloudy
2025-11-19,22.2,70.34,1024.8,6.47,0.46,Cloudy
2025-11-20,26.47,50.33,1022.45,8.41,7.17,Rainy
2025-11-21,22.25,59.24,1015.17,9.15,0.72,Cloudy
2025-11-22,18.71,65.35,1007.02,7.74,4.13,Sunny
2025-11-23,24.65,53.71,1017.11,6.52,1.92,Cloudy
2025-11-24,22.82,44.94,1010.0,6.45,0.24,Cloudy
2025-11-25,21.16,52.89,1004.04,0.66,3.6,Sunny
2025-11-26,24.46,53.56,1000.71,9.67,3.71,Cloudy
2025-11-27,27.84,47.54,1021.09,4.09,0.14,Cloudy
2025-11-28,17.31,70.37,1021.32,1.17,0.09,Cloudy
2025-11-29,20.87,58.86,1011.12,7.23,1.97,Cloudy
2025-11-30,25.85,41.13,1014.96,3.93,1.15,Cloudy
2025-12-01,10.28,43.68,1017.22,8.92,0.79,Cloudy
2025-12-02,19.82,47.66,1010.46,1.39,0.03,Sunny
2025-12-03,9.25,42.67,1013.68,2.04,4.82,Cloudy
2025-12-04,2.78,35.16,1009.9,4.83,1.09,Sunny
2025-12-05,9.71,44.09,1004.13,8.22,1.33,Sunny
2025-12-06,12.52,38.15,1017.25,4.45,0.45,Cloudy
2025-12-07,13.61,18.64,1018.23,3.91,8.15,Rainy
2025-12-08,-0.14,24.07,1014.29,8.11,0.9,Cloudy
2025-12-09,16.42,25.9,996.83,9.19,0.61,Sunny
2025-12-10,8.94,49.75,1034.55,1.73,0.71,Sunny
2025-12-11,9.63,53.4,1007.34,4.36,3.92,Cloudy
2025-12-12,6.36,52.37,1013.36,9.85,1.65,Sunny
2025-12-13,10.0,39.53,1021.23,7.88,1.68,Sunny
2025-12-14,6.91,41.36,1007.24,2.86,6.64,Rainy
2025-12-15,15.96,32.96,1005.04,4.41,0.4,Sunny
2025-12-16,5.08,47.19,1018.27,1.89,0.26,Sunny
2025-12-17,15.1,38.92,1003.07,7.81,2.5,Sunny
2025-12-18,3.93,45.75,1008.16,5.1,3.42,Sunny
2025-12-19,8.14,45.88,1013.81,0.97,0.24,Cloudy
2025-12-20,14.59,55.46,1014.12,6.83,2.59,Sunny
2025-12-21,9.52,23.34,1015.11,5.28,2.17,Cloudy
2025-12-22,5.18,34.27,1017.73,8.79,1.42,Cloudy
2025-12-23,6.11,29.86,1018.19,9.8,1.05,Sunny
2025-12-24,15.69,37.84,1002.14,5.69,0.14,Cloudy
2025-12-25,15.01,35.61,1007.65,6.42,0.66,Cloudy
2025-12-26,10.14,40.87,1019.69,7.28,3.1,Cloudy
2025-12-27,5.53,26.91,1023.29,1.51,1.06,Sunny
2025-12-28,15.27,28.59,1020.83,8.56,1.02,Sunny
2025-12-29,-1.83,44.25,996.09,5.17,1.28,Sunny
2025-12-30,6.57,23.04,1011.3,1.51,0.41,Sunny
2025-12-31,9.96,32.18,1017.86,5.74,0.66,Cloudy
2026-01-01,1.27,32.45,1005.92,2.81,0.92,Sunny
2026-01-02,7.61,52.18,1020.56,2.45,2.03,Sunny
2026-01-03,1.04,44.12,1004.26,3.53,3.55,Cloudy
2026-01-04,8.84,31.47,1012.37,9.27,1.18,Sunny
2026-01-05,13.05,33.84,1001.14,0.99,0.18,Sunny
2026-01-06,14.18,21.35,1008.32,4.07,2.12,Sunny
2026-01-07,4.59,44.18,1011.58,6.56,2.43,Cloudy
2026-01-08,-1.95,36.78,986.75,6.44,4.38,Sunny
2026-01-09,25.11,67.79,1022.49,1.79,2.71,Cloudy
2026-01-10,5.97,26.38,1012.24,4.37,6.47,Rainy
2026-01-11,1.87,50.16,1026.6,5.84,0.28,Cloudy
2026-01-12,4.93,28.76,1006.19,1.79,0.24,Cloudy
2026-01-13,16.83,49.48,1017.75,2.81,2.77,Cloudy
2026-01-14,9.36,45.45,1004.78,4.32,0.08,Cloudy
2026-01-15,1.78,31.46,1001.8,7.84,2.44,Sunny
2026-01-16,6.01,27.86,1019.45,2.31,0.69,Cloudy
2026-01-17,15.18,29.17,1026.25,6.0,3.63,Cloudy
2026-01-18,4.06,48.75,1026.51,8.73,3.37,Cloudy
2026-01-19,19.79,45.99,1027.14,2.08,2.39,Sunny
2026-01-20,8.23,26.38,1023.97,6.39,1.63,Cloudy
2026-01-21,-1.88,45.45,1025.3,9.82,0.15,Cloudy
2026-01-22,12.11,44.84,1013.83,6.11,1.59,Sunny
2026-01-23,4.88,24.73,1017.35,8.36,1.24,Cloudy
2026-01-24,15.89,36.32,1011.04,9.68,0.9,Cloudy
2026-01-25,14.66,29.09,1016.09,8.75,3.2,Sunny
2026-01-26,6.25,36.2,1010.06,5.11,2.26,Cloudy
2026-01-27,15.25,12.64,999.26,5.5,2.48,Sunny
2026-01-28,7.51,32.46,1015.87,7.37,1.29,Cloudy
2026-01-29,8.82,41.66,1036.92,5.68,0.67,Cloudy
2026-01-30,10.56,33.18,1020.11,2.81,2.05,Cloudy
2026-01-31,24.72,26.49,1009.7,2.85,1.55,Sunny
2026-02-01,16.22,31.95,1028.98,0.57,1.1,Sunny
2026-02-02,13.82,24.36,1033.42,9.48,1.68,Sunny
2026-02-03,8.24,30.14,1035.77,3.89,0.27,Sunny
2026-02-04,6.4,33.96,1025.54,9.39,3.65,Cloudy
2026-02-05,14.73,59.13,1034.85,5.79,2.04,Sunny
2026-02-06,7.56,22.23,1004.87,7.63,1.77,Sunny
2026-02-07,-0.42,50.29,1020.29,2.43,3.1,Sunny
2026-02-08,9.32,32.33,1013.19,0.95,0.65,Cloudy
2026-02-09,10.57,29.94,1020.44,7.74,1.06,Cloudy
2026-02-10,8.93,37.0,1010.8,9.5,2.18,Cloudy
2026-02-11,9.94,42.51,1013.41,7.86,1.24,Cloudy
2026-02-12,13.2,41.78,1002.31,3.05,0.03,Cloudy
2026-02-13,19.43,42.36,1013.85,8.49,8.64,Rainy
2026-02-14,2.79,25.98,1030.04,0.89,0.64,Sunny
2026-02-15,12.2,32.67,1023.29,6.65,5.21,Rainy
2026-02-16,13.31,36.87,1013.46,5.52,0.2,Sunny
2026-02-17,12.68,32.58,1011.66,4.53,1.88,Cloudy
2026-02-18,9.43,41.27,1008.64,9.68,0.21,Cloudy
2026-02-19,8.57,43.47,1010.26,1.31,2.47,Sunny
2026-02-20,10.23,43.16,1021.44,1.0,2.29,Cloudy
2026-02-21,12.87,24.43,1017.8,9.82,0.25,Cloudy
2026-02-22,12.26,30.54,1018.36,1.13,9.82,Rainy
2026-02-23,14.35,49.7,1011.76,6.86,3.29,Sunny
2026-02-24,13.49,34.07,1007.71,9.69,0.47,Cloudy
2026-02-25,5.63,55.96,1011.16,3.67,1.11,Cloudy
2026-02-26,4.17,44.13,1022.74,3.98,0.08,Cloudy
2026-02-27,3.91,36.73,1008.85,7.12,1.23,Cloudy
2026-02-28,2.42,20.85,1013.16,1.25,3.2,Sunny
2026-03-01,20.2,49.83,1023.4,8.88,4.27,Cloudy
2026-03-02,9.49,47.55,1030.31,4.97,0.08,Sunny
2026-03-03,21.6,29.39,1023.29,7.62,0.48,Cloudy
2026-03-04,17.65,45.65,1020.71,5.57,1.36,Cloudy
2026-03-05,24.79,40.05,1014.07,9.4,0.55,Cloudy
2026-03-06,15.33,56.5,1007.93,2.4,0.7,Sunny
2026-03-07,28.95,43.11,1042.36,8.27,0.28,Cloudy
2026-03-08,15.83,68.62,1018.06,4.41,0.22,Cloudy
2026-03-09,25.68,42.03,1014.8,1.31,0.9,Cloudy
2026-03-10,25.69,61.4,1012.87,3.04,0.79,Sunny
2026-03-11,24.94,37.65,1008.33,2.89,0.58,Cloudy
2026-03-12,11.76,34.48,1033.23,3.79,2.06,Sunny
2026-03-13,22.2,57.82,1023.92,2.84,0.1,Sunny
2026-03-14,14.59,63.7,1038.88,6.73,0.4,Cloudy
2026-03-15,19.52,28.98,1005.24,8.01,0.37,Sunny
2026-03-16,22.45,64.09,1017.16,6.79,0.66,Sunny
2026-03-17,18.8,68.02,998.04,4.86,2.56,Cloudy
2026-03-18,15.57,61.07,1015.79,1.44,0.4,Sunny
2026-03-19,25.4,52.84,1011.71,2.69,0.52,Cloudy
2026-03-20,15.2,58.31,1014.88,3.7,0.14,Sunny
2026-03-21,12.01,50.76,1015.23,9.47,0.01,Sunny
2026-03-22,16.18,53.09,1012.91,6.95,0.12,Cloudy
2026-03-23,18.88,43.34,1015.56,9.99,0.51,Cloudy
2026-03-24,24.42,42.46,1004.98,8.03,3.54,Cloudy
2026-03-25,19.81,41.6,995.98,7.5,0.91,Sunny
2026-03-26,16.64,17.99,1013.34,7.43,3.12,Cloudy
2026-03-27,23.16,49.08,996.68,4.94,0.5,Cloudy
2026-03-28,15.38,51.45,1003.72,1.04,0.18,Cloudy
2026-03-29,16.05,62.11,1008.11,3.67,0.57,Cloudy
2026-03-30,25.75,51.48,1020.4,5.08,1.1,Cloudy
2026-03-31,21.93,41.04,1003.91,9.35,0.14,Cloudy
2026-04-01,30.11,56.99,997.87,2.01,5.16,Rainy
2026-04-02,8.99,43.81,1014.03,0.68,0.59,Cloudy
2026-04-03,17.92,59.23,1020.33,1.18,3.6,Sunny
2026-04-04,11.16,36.14,1018.34,5.28,0.13,Cloudy
2026-04-05,17.39,60.48,1024.19,2.33,0.32,Sunny
2026-04-06,17.93,46.13,1009.18,9.46,4.03,Sunny
2026-04-07,8.98,38.38,1001.1,4.88,3.47,Cloudy
2026-04-08,20.42,59.54,1005.29,2.68,0.33,Sunny
2026-04-09,11.34,49.99,1006.87,8.59,0.99,Sunny
2026-04-10,21.59,40.81,1004.49,4.1,3.63,Sunny
2026-04-11,14.6,69.28,998.93,6.35,0.06,Sunny
2026-04-12,26.31,66.76,1006.71,4.56,0.21,Sunny
2026-04-13,18.54,62.05,1005.52,5.23,0.56,Sunny
2026-04-14,21.97,47.36,1028.15,1.8,0.39,Sunny
2026-04-15,21.57,65.45,1012.8,8.28,0.67,Sunny
2026-04-16,30.7,51.01,989.16,9.56,1.54,Sunny
2026-04-17,22.3,44.1,1023.22,6.77,0.95,Sunny
2026-04-18,19.6,45.46,991.06,7.61,2.64,Sunny
2026-04-19,28.33,33.76,1021.42,4.58,0.95,Cloudy
2026-04-20,18.58,55.0,1019.38,3.78,1.46,Sunny
2026-04-21,22.3,50.07,997.97,5.57,0.0,Sunny
2026-04-22,14.95,54.46,1004.44,5.29,3.01,Cloudy
2026-04-23,16.58,55.36,1005.51,5.73,2.55,Cloudy
2026-04-24,24.2,37.68,1000.68,6.06,1.33,Cloudy
2026-04-25,27.21,46.2,996.29,5.61,1.63,Sunny
2026-04-26,20.2,42.31,1011.27,7.43,0.03,Sunny
2026-04-27,23.07,35.87,1023.49,9.33,0.99,Sunny
2026-04-28,14.72,47.49,1013.31,6.93,2.26,Cloudy
2026-04-29,24.0,40.0,1007.67,1.97,0.3,Sunny
2026-04-30,11.19,44.29,999.52,5.95,1.52,Sunny
2026-05-01,35.38,71.7,1005.76,4.61,0.99,Cloudy
2026-05-02,42.2,50.43,1005.46,3.89,1.35,Sunny
2026-05-03,35.11,56.42,1017.59,2.99,0.1,Sunny
2026-05-04,32.66,67.38,1000.29,5.41,3.58,Sunny
2026-05-05,31.05,91.69,1013.93,4.4,0.99,Cloudy
2026-05-06,30.34,65.09,1009.8,6.88,0.27,Sunny
2026-05-07,24.76,60.18,1022.52,6.86,0.2,Cloudy
2026-05-08,29.29,63.76,1005.17,4.71,1.44,Cloudy
2026-05-09,35.56,67.41,1007.4,5.42,0.93,Sunny
2026-05-10,33.08,58.73,1027.48,7.26,0.08,Sunny
2026-05-11,37.37,72.54,1004.94,5.09,3.27,Cloudy
2026-05-12,38.93,54.57,1013.07,2.72,0.79,Sunny
2026-05-13,24.52,62.1,1026.34,5.27,1.39,Cloudy
2026-05-14,33.8,40.32,1014.8,1.75,2.18,Sunny
2026-05-15,38.17,49.84,1013.48,9.37,0.3,Sunny
2026-05-16,25.63,76.34,1000.32,3.04,1.07,Cloudy
2026-05-17,31.65,52.85,1018.24,9.41,3.65,Sunny
2026-05-18,28.11,61.49,1012.75,0.94,1.18,Sunny
2026-05-19,30.01,33.58,1015.99,6.79,0.85,Sunny
2026-05-20,30.45,74.84,1016.95,8.61,3.69,Cloudy
2026-05-21,30.35,58.85,993.95,0.98,0.07,Sunny
2026-05-22,32.84,45.47,1008.52,5.11,0.66,Sunny
2026-05-23,24.98,58.49,1013.43,4.59,3.12,Sunny
2026-05-24,27.99,75.75,1006.72,1.83,1.46,Cloudy
2026-05-25,32.63,29.17,1016.67,9.51,2.77,Sunny
2026-05-26,30.1,54.85,1012.55,3.96,1.53,Sunny
2026-05-27,24.21,47.22,1009.69,0.89,3.68,Sunny
2026-05-28,30.59,63.02,1003.19,1.13,6.81,Rainy
2026-05-29,23.79,58.35,1012.2,2.84,1.14,Sunny
2026-05-30,43.0,66.28,1016.08,2.54,2.97,Sunny
2026-05-31,24.24,64.31,1006.16,0.97,0.47,Cloudy
2026-06-01,38.94,60.88,1011.93,5.37,0.47,Sunny
2026-06-02,40.4,23.89,1014.39,3.63,0.06,Sunny
2026-06-03,50.07,64.41,1015.95,7.19,0.91,Sunny
2026-06-04,32.92,50.53,1009.39,5.19,1.3,Sunny
2026-06-05,41.5,59.08,988.65,6.09,0.14,Sunny
2026-06-06,33.61,56.19,1015.69,7.03,0.59,Sunny
2026-06-07,25.07,58.54,1014.61,3.14,0.1,Sunny
2026-06-08,37.97,73.23,1008.8,5.94,0.78,Cloudy
2026-06-09,23.45,59.39,998.06,2.91,2.62,Sunny
2026-06-10,25.11,40.48,1007.35,1.32,1.88,Cloudy
2026-06-11,33.72,30.29,990.76,1.46,0.56,Sunny
2026-06-12,31.38,76.75,995.06,2.34,0.35,Cloudy
2026-06-13,26.66,48.27,1006.64,1.77,1.55,Cloudy
2026-06-14,35.79,37.21,1016.81,6.68,0.19,Sunny
2026-06-15,20.36,62.58,998.21,2.64,0.45,Cloudy
2026-06-16,37.5,53.6,1020.15,4.05,0.73,Sunny
2026-06-17,36.72,41.84,1013.38,4.28,1.03,Sunny
2026-06-18,38.25,71.43,1009.12,4.67,1.03,Cloudy
2026-06-19,40.23,67.15,1025.58,1.54,0.76,Sunny
2026-06-20,36.03,35.13,1002.01,5.66,2.68,Sunny
2026-06-21,36.03,29.41,1019.72,8.45,8.1,Rainy
2026-06-22,35.36,61.22,1005.04,7.98,0.09,Sunny
2026-06-23,27.99,87.31,1025.27,6.06,1.19,Cloudy
2026-06-24,19.87,71.58,997.56,8.48,1.81,Cloudy
2026-06-25,30.73,27.52,1014.37,2.08,0.07,Sunny
2026-06-26,30.72,74.8,1021.58,9.48,0.79,Cloudy
2026-06-27,33.43,58.34,1013.35,5.52,2.5,Sunny
2026-06-28,25.45,80.05,1007.08,5.25,3.37,Cloudy
2026-06-29,31.81,63.51,1029.53,9.21,1.83,Sunny
2026-06-30,33.74,94.31,1016.93,4.47,1.97,Cloudy
2026-07-01,22.89,87.38,1018.38,1.62,6.94,Rainy
2026-07-02,25.23,94.51,1014.71,3.54,1.66,Cloudy
2026-07-03,25.53,70.7,1003.58,9.07,0.76,Cloudy
2026-07-04,23.17,74.84,1004.63,9.73,0.86,Cloudy
2026-07-05,28.99,85.48,1034.79,8.95,0.87,Cloudy
2026-07-06,27.28,101.45,1010.25,3.59,6.17,Rainy
2026-07-07,24.96,88.18,993.34,4.66,0.46,Cloudy
2026-07-08,24.66,68.96,1013.69,3.54,1.34,Sunny
2026-07-09,30.92,100.63,1035.02,0.86,1.46,Cloudy
2026-07-10,24.58,93.27,1004.39,6.61,1.77,Cloudy
2026-07-11,26.26,95.91,1013.75,5.42,1.29,Cloudy
2026-07-12,30.2,90.4,1036.88,1.39,2.19,Cloudy
2026-07-13,24.85,91.19,1018.76,9.39,1.7,Cloudy
2026-07-14,23.38,70.9,1004.05,9.97,2.08,Cloudy
2026-07-15,23.33,101.6,1025.21,0.82,0.69,Cloudy
2026-07-16,25.92,70.84,1012.6,5.76,4.01,Cloudy
2026-07-17,23.61,89.41,1001.57,0.51,2.49,Cloudy
2026-07-18,26.82,74.88,1015.31,6.24,0.27,Cloudy
2026-07-19,24.54,95.7,1018.34,3.38,1.63,Cloudy
2026-07-20,24.05,75.24,1002.69,2.85,2.07,Cloudy
2026-07-21,27.52,84.59,1005.38,4.22,1.87,Cloudy
2026-07-22,29.19,95.9,998.45,1.48,1.9,Cloudy
2026-07-23,33.54,71.24,1023.9,9.02,1.1,Cloudy
2026-07-24,22.75,84.46,1019.83,3.75,3.87,Cloudy
2026-07-25,25.51,71.51,1031.92,7.41,0.0,Cloudy
2026-07-26,20.92,79.92,1017.48,2.94,0.03,Cloudy
2026-07-27,23.53,78.1,1014.43,3.87,0.72,Cloudy
2026-07-28,32.64,84.56,1011.46,9.47,0.61,Cloudy
2026-07-29,22.73,74.58,1016.37,2.0,0.91,Cloudy
2026-07-30,28.13,98.59,1009.95,5.9,0.87,Cloudy
2026-07-31,24.26,95.0,1012.77,1.63,0.02,Cloudy
2026-08-01,33.28,70.87,1022.58,5.21,0.82,Cloudy
2026-08-02,19.32,80.22,1007.48,3.9,0.01,Cloudy
2026-08-03,26.2,94.19,1028.82,6.65,0.07,Cloudy
2026-08-04,24.43,95.47,1008.23,3.51,0.77,Cloudy
2026-08-05,20.81,71.71,1026.7,5.16,2.83,Cloudy
2026-08-06,29.41,88.57,998.74,3.06,2.44,Cloudy
2026-08-07,28.16,80.44,988.12,8.87,0.8,Cloudy
2026-08-08,23.58,79.24,1010.83,6.65,1.87,Cloudy
2026-08-09,21.03,92.66,1019.42,6.17,0.62,Cloudy
2026-08-10,23.01,101.51,1009.14,3.95,1.54,Cloudy
2026-08-11,15.17,88.77,1020.73,9.35,0.49,Cloudy
2026-08-12,23.88,90.58,1022.67,1.93,0.06,Cloudy
2026-08-13,27.25,91.96,1002.18,6.18,0.05,Cloudy
2026-08-14,29.27,73.19,1014.13,7.45,1.85,Cloudy
2026-08-15,25.55,73.64,1019.99,4.67,2.28,Cloudy
2026-08-16,27.97,92.24,1001.09,3.1,0.57,Cloudy
2026-08-17,28.02,78.03,998.59,9.13,0.17,Cloudy
2026-08-18,32.09,70.42,1004.89,7.09,0.06,Cloudy
2026-08-19,29.06,90.92,1019.08,6.93,2.22,Cloudy
2026-08-20,34.24,94.04,1025.33,8.11,0.79,Cloudy
2026-08-21,24.99,68.29,1019.19,5.48,2.46,Cloudy
2026-08-22,28.56,79.12,1011.85,3.08,2.9,Cloudy
2026-08-23,26.61,79.92,1011.86,7.22,0.05,Cloudy
2026-08-24,25.1,85.7,1008.68,3.69,0.4,Cloudy
2026-08-25,36.65,67.85,1020.34,9.51,0.28,Sunny
2026-08-26,17.22,92.28,993.18,7.46,1.74,Cloudy
2026-08-27,18.98,98.78,1030.87,4.01,1.0,Cloudy
2026-08-28,21.86,81.47,1024.19,9.53,1.96,Cloudy
2026-08-29,30.75,97.77,1013.65,5.56,3.54,Cloudy
2026-08-30,31.35,79.22,1017.39,2.39,1.02,Cloudy
2026-08-31,32.76,82.84,1012.96,9.75,1.63,Cloudy
2026-09-01,18.31,80.02,1014.17,3.25,1.49,Cloudy
2026-09-02,21.52,75.03,1018.04,7.89,1.41,Cloudy
2026-09-03,26.28,81.53,1017.39,5.62,0.51,Cloudy
2026-09-04,26.34,71.78,1027.76,9.53,0.03,Cloudy
2026-09-05,27.51,69.52,1026.03,1.48,4.3,Sunny
2026-09-06,25.45,86.02,1028.01,4.32,2.29,Cloudy
2026-09-07,18.25,63.49,1014.35,4.64,0.32,Cloudy
2026-09-08,25.71,80.78,1011.72,6.56,0.51,Cloudy
2026-09-09,27.34,75.03,990.47,8.8,0.75,Cloudy
2026-09-10,25.15,71.28,1002.96,6.93,0.51,Cloudy
2026-09-11,23.46,74.85,1011.32,6.81,0.44,Cloudy
2026-09-12,26.7,82.82,1006.37,0.65,1.22,Cloudy
2026-09-13,21.76,69.78,1023.37,8.78,0.32,Cloudy
2026-09-14,23.74,60.29,1009.67,6.1,1.12,Sunny
2026-09-15,22.27,95.63,1014.08,7.18,2.36,Cloudy
2026-09-16,20.32,93.8,1024.82,0.73,0.8,Cloudy
2026-09-17,28.49,82.54,1023.65,2.89,5.95,Rainy
2026-09-18,27.5,83.8,1027.25,6.31,1.79,Cloudy
2026-09-19,22.34,82.94,1029.92,5.34,0.82,Cloudy
2026-09-20,25.88,82.41,1021.07,6.08,2.82,Cloudy
2026-09-21,24.56,81.18,1018.79,6.37,1.55,Cloudy
2026-09-22,26.47,88.45,1019.96,0.88,0.34,Cloudy
2026-09-23,21.89,74.43,995.49,0.78,1.39,Cloudy
2026-09-24,22.13,78.78,1018.82,8.65,1.02,Cloudy
2026-09-25,26.09,75.18,1011.92,7.57,1.45,Cloudy
2026-09-26,29.84,97.49,1027.72,9.44,1.0,Cloudy
2026-09-27,31.51,93.63,1011.67,9.7,2.1,Cloudy
2026-09-28,25.0,81.1,1024.56,2.37,0.57,Cloudy
2026-09-29,23.43,83.35,1010.3,5.41,2.16,Cloudy
2026-09-30,22.69,78.0,1015.69,1.99,0.86,Cloudy
2026-10-01,26.63,43.24,1007.96,5.97,0.83,Cloudy
2026-10-02,16.99,60.15,1017.22,2.95,1.01,Cloudy
2026-10-03,19.14,48.15,1019.82,6.1,0.9,Cloudy
2026-10-04,27.38,60.43,1036.65,4.82,0.35,Sunny
2026-10-05,12.87,58.46,1006.45,1.77,0.07,Cloudy
2026-10-06,14.55,66.6,1017.4,5.93,0.44,Sunny
2026-10-07,18.9,45.43,1016.82,1.11,2.98,Cloudy
2026-10-08,15.96,49.09,1030.97,3.07,0.35,Cloudy
2026-10-09,21.68,55.85,1024.06,1.62,2.31,Cloudy
2026-10-10,21.3,55.65,1031.17,9.48,0.23,Cloudy
2026-10-11,20.0,55.38,1021.33,9.96,0.44,Cloudy
2026-10-12,21.21,24.32,1003.76,4.71,0.28,Cloudy
2026-10-13,24.95,54.08,1016.69,0.53,0.43,Sunny
2026-10-14,24.37,62.92,1004.03,2.7,0.3,Sunny
2026-10-15,21.28,61.9,1013.16,2.12,0.57,Cloudy
2026-10-16,19.06,50.41,1005.97,0.5,1.36,Cloudy
2026-10-17,21.98,54.81,1022.97,3.53,0.44,Sunny
2026-10-18,28.89,42.43,999.0,1.99,0.83,Cloudy
2026-10-19,20.41,68.17,1023.73,9.14,0.03,Cloudy
2026-10-20,30.58,48.03,1017.61,1.79,3.28,Sunny
2026-10-21,26.03,76.75,1018.68,4.28,1.08,Cloudy
2026-10-22,25.35,62.93,1010.77,9.19,0.14,Cloudy
2026-10-23,21.39,67.4,1014.47,7.83,2.64,Sunny
2026-10-24,20.9,73.0,1002.72,9.23,3.45,Cloudy
2026-10-25,14.37,31.86,1002.99,8.68,0.11,Cloudy
2026-10-26,16.4,57.65,1011.2,3.06,2.19,Cloudy
2026-10-27,21.67,23.66,1016.46,5.37,1.67,Sunny
2026-10-28,25.61,54.53,1029.67,5.53,0.64,Cloudy
2026-10-29,31.11,68.36,1012.68,4.79,0.79,Sunny
2026-10-30,19.94,67.58,1016.24,4.47,3.63,Sunny
2026-10-31,26.83,54.25,1019.84,3.19,1.74,Cloudy
2026-11-01,18.12,61.43,1008.46,3.25,2.48,Cloudy
2026-11-02,24.0,78.25,1010.18,3.12,0.46,Cloudy
2026-11-03,22.22,67.41,1011.73,7.33,0.36,Cloudy
2026-11-04,17.89,52.25,1004.63,5.6,0.34,Cloudy
2026-11-05,9.64,40.18,1007.56,5.76,1.23,Cloudy
2026-11-06,19.64,59.51,998.04,1.07,0.59,Sunny
2026-11-07,22.84,41.73,1014.09,0.59,2.48,Sunny
2026-11-08,21.19,55.43,1007.22,2.62,0.31,Sunny
2026-11-09,24.71,58.7,1017.37,9.65,1.34,Sunny
2026-11-10,30.13,40.02,1013.32,7.57,1.05,Sunny
2026-11-11,15.4,48.98,1021.99,6.81,0.83,Cloudy
2026-11-12,30.25,60.04,1023.95,2.59,0.74,Sunny
2026-11-13,19.59,54.92,1008.45,3.88,0.5,Cloudy
2026-11-14,22.74,43.86,1014.87,4.22,0.13,Sunny
2026-11-15,22.18,39.47,1031.06,4.6,0.08,Cloudy
2026-11-16,33.1,44.8,1005.92,9.6,2.89,Sunny
2026-11-17,18.4,43.54,998.25,0.69,1.67,Cloudy
2026-11-18,25.9,56.89,1009.33,4.29,0.28,Cloudy
2026-11-19,21.43,35.55,1026.39,9.5,0.2,Sunny
2026-11-20,21.58,59.26,1002.12,5.21,1.98,Sunny
2026-11-21,32.76,50.85,1005.83,4.65,0.78,Sunny
2026-11-22,19.82,48.95,1005.18,5.07,7.25,Rainy
2026-11-23,27.17,67.04,1008.4,0.88,0.2,Cloudy
2026-11-24,17.68,55.53,1026.0,6.07,0.66,Sunny
2026-11-25,22.16,62.14,1020.03,6.68,0.6,Cloudy
2026-11-26,14.8,36.25,1013.95,9.46,0.06,Sunny
2026-11-27,34.56,61.55,1015.32,2.8,3.13,Sunny
2026-11-28,23.86,48.83,1012.42,0.78,1.76,Cloudy
2026-11-29,23.17,64.04,1024.64,5.3,2.55,Cloudy
2026-11-30,25.29,60.84,999.85,9.21,0.22,Cloudy
2026-12-01,15.99,27.01,1007.45,6.06,0.88,Cloudy
2026-12-02,9.77,50.69,1022.46,3.45,0.16,Cloudy
2026-12-03,16.91,34.7,1016.99,0.59,0.23,Cloudy
2026-12-04,10.37,45.98,1020.07,6.26,1.48,Cloudy
2026-12-05,16.58,55.89,1013.32,7.46,2.25,Cloudy
2026-12-06,9.26,35.38,1025.9,4.72,1.27,Cloudy
2026-12-07,9.16,46.01,1016.99,2.0,1.35,Cloudy
2026-12-08,4.86,23.7,1018.01,6.29,1.55,Cloudy
2026-12-09,1.95,19.25,1005.17,8.7,3.97,Sunny
2026-12-10,13.0,37.0,1020.98,0.55,1.25,Sunny
2026-12-11,4.68,33.31,1016.99,6.29,2.88,Sunny
2026-12-12,7.26,37.16,1032.53,6.12,2.0,Cloudy
2026-12-13,12.01,42.35,1003.61,3.11,0.12,Sunny
2026-12-14,13.87,47.37,999.28,7.67,1.57,Sunny
2026-12-15,17.5,63.39,1011.44,8.27,1.33,Sunny
2026-12-16,4.8,26.39,1014.38,2.07,5.71,Rainy
2026-12-17,0.68,46.27,1029.77,6.49,0.62,Sunny
2026-12-18,9.94,66.79,1004.23,1.3,0.08,Cloudy
2026-12-19,2.52,39.24,1010.02,3.09,3.08,Cloudy
2026-12-20,0.03,21.77,1003.21,9.97,0.83,Cloudy
2026-12-21,13.44,35.82,1008.67,4.82,1.91,Sunny
2026-12-22,7.17,31.43,1008.22,4.27,1.27,Sunny
2026-12-23,9.82,47.22,1026.1,0.89,0.57,Cloudy
2026-12-24,13.16,38.68,1006.47,9.26,2.87,Sunny
2026-12-25,5.89,37.43,1016.96,2.91,1.05,Cloudy
2026-12-26,12.5,32.64,1026.66,7.95,2.16,Sunny
2026-12-27,4.56,44.68,992.29,3.64,2.11,Cloudy
2026-12-28,4.92,42.44,1018.48,4.61,0.11,Sunny
2026-12-29,7.1,44.29,1013.39,3.24,0.14,Sunny
2026-12-30,10.37,55.54,1024.87,1.79,0.52,Cloudy
